date,valley,rain_mm,soil_pct,cloud_pct
2026-10-07,شعيب الأديرع,5,20,30
2026-10-07,وادي عقدة,8,25,35
2026-10-07,وادي مشار,3,18,25
2026-10-08,شعيب الأديرع,12,28,45
2026-10-08,وادي عقدة,20,30,55
2026-10-08,وادي مشار,10,22,40
2026-10-09,شعيب الأديرع,35,45,70
2026-10-09,وادي عقدة,48,50,80
2026-10-09,وادي مشار,25,40,65
2026-10-10,شعيب الأديرع,70,65,90
2026-10-10,وادي عقدة,82,70,95
2026-10-10,وادي مشار,55,60,85
2026-10-11,شعيب الأديرع,45,75,80
2026-10-11,وادي عقدة,60,78,85
2026-10-11,وادي مشار,38,70,75
2026-10-12,شعيب الأديرع,15,60,50
2026-10-12,وادي عقدة,22,62,55
2026-10-12,وادي مشار,12,55,45
2026-10-13,شعيب الأديرع,4,40,25
2026-10-13,وادي عقدة,6,42,30
2026-10-13,وادي مشار,2,38,20
