date,place,lat,lng,rain_mm,soil_pct,cloud_pct
2026-10-07,ثادق,25.2987,45.8689,4,21,20
2026-10-07,ضرما,24.6,46.13,5,20,21
2026-10-07,حريملاء,25.1167,46.1167,4,25,28
2026-10-07,المزاحمية,24.4667,46.2667,2,19,27
2026-10-07,الدرعية,24.7345,46.576,5,23,23
2026-10-07,الحائر,24.4833,46.7667,1,22,19
2026-10-07,رماح,25.5667,47.15,1,19,22
2026-10-07,الخرج,24.155,47.335,2,23,22
2026-10-07,العش,27.52,41.69,0,18,17
2026-10-08,ثادق,25.2987,45.8689,94,26,98
2026-10-08,ضرما,24.6,46.13,65,25,80
2026-10-08,حريملاء,25.1167,46.1167,28,29,44
2026-10-08,المزاحمية,24.4667,46.2667,7,23,30
2026-10-08,الدرعية,24.7345,46.576,2,28,27
2026-10-08,الحائر,24.4833,46.7667,3,25,25
2026-10-08,رماح,25.5667,47.15,3,22,18
2026-10-08,الخرج,24.155,47.335,5,27,25
2026-10-08,العش,27.52,41.69,2,22,24
2026-10-09,ثادق,25.2987,45.8689,44,75,61
2026-10-09,ضرما,24.6,46.13,94,60,98
2026-10-09,حريملاء,25.1167,46.1167,83,45,98
2026-10-09,المزاحمية,24.4667,46.2667,47,29,68
2026-10-09,الدرعية,24.7345,46.576,11,31,32
2026-10-09,الحائر,24.4833,46.7667,4,29,20
2026-10-09,رماح,25.5667,47.15,0,26,23
2026-10-09,الخرج,24.155,47.335,1,31,20
2026-10-09,العش,27.52,41.69,0,25,19
2026-10-10,ثادق,25.2987,45.8689,7,92,30
2026-10-10,ضرما,24.6,46.13,13,95,32
2026-10-10,حريملاء,25.1167,46.1167,42,85,64
2026-10-10,المزاحمية,24.4667,46.2667,68,54,82
2026-10-10,الدرعية,24.7345,46.576,73,38,90
2026-10-10,الحائر,24.4833,46.7667,35,32,52
2026-10-10,رماح,25.5667,47.15,13,28,37
2026-10-10,الخرج,24.155,47.335,4,33,25
2026-10-10,العش,27.52,41.69,0,28,24
2026-10-11,ثادق,25.2987,45.8689,5,88,28
2026-10-11,ضرما,24.6,46.13,2,93,18
2026-10-11,حريملاء,25.1167,46.1167,2,95,18
2026-10-11,المزاحمية,24.4667,46.2667,10,86,28
2026-10-11,الدرعية,24.7345,46.576,32,75,47
2026-10-11,الحائر,24.4833,46.7667,68,51,80
2026-10-11,رماح,25.5667,47.15,93,37,98
2026-10-11,الخرج,24.155,47.335,37,36,54
2026-10-11,العش,27.52,41.69,13,29,37
2026-10-12,ثادق,25.2987,45.8689,3,83,19
2026-10-12,ضرما,24.6,46.13,2,86,20
2026-10-12,حريملاء,25.1167,46.1167,1,88,16
2026-10-12,المزاحمية,24.4667,46.2667,3,84,19
2026-10-12,الدرعية,24.7345,46.576,0,86,20
2026-10-12,الحائر,24.4833,46.7667,6,83,28
2026-10-12,رماح,25.5667,47.15,6,84,22
2026-10-12,الخرج,24.155,47.335,27,55,48
2026-10-12,العش,27.52,41.69,57,38,77
