date,place,lat,lng,rain_mm,soil_pct,soil_root_pct,cloud_pct,quality_note
2026-01-01,حائل,27.5265,41.6942,0.0,32,35,0,
2026-01-02,حائل,27.5265,41.6942,0.0,32,35,0,
2026-01-03,حائل,27.5265,41.6942,0.0,32,35,2,
2026-01-04,حائل,27.5265,41.6942,0.0,32,35,1,
2026-01-05,حائل,27.5265,41.6942,0.0,32,35,1,
2026-01-06,حائل,27.5265,41.6942,0.0,32,35,0,
2026-01-07,حائل,27.5265,41.6942,0.0,32,35,0,
2026-01-08,حائل,27.5265,41.6942,0.0,32,35,0,
2026-01-09,حائل,27.5265,41.6942,0.01,31,35,17,
2026-01-10,حائل,27.5265,41.6942,0.0,31,34,1,
2026-01-11,حائل,27.5265,41.6942,0.0,31,34,0,
2026-01-12,حائل,27.5265,41.6942,0.0,31,34,16,
2026-01-13,حائل,27.5265,41.6942,0.0,31,34,0,
2026-01-14,حائل,27.5265,41.6942,0.0,31,34,1,
2026-01-15,حائل,27.5265,41.6942,0.0,31,34,0,
2026-01-16,حائل,27.5265,41.6942,0.0,31,34,0,
2026-01-17,حائل,27.5265,41.6942,0.0,31,34,1,
2026-01-18,حائل,27.5265,41.6942,0.0,31,34,0,
2026-01-19,حائل,27.5265,41.6942,0.0,31,34,1,
2026-01-20,حائل,27.5265,41.6942,0.0,31,34,0,
2026-01-21,حائل,27.5265,41.6942,0.0,31,34,1,
2026-01-22,حائل,27.5265,41.6942,0.0,30,33,5,
2026-01-23,حائل,27.5265,41.6942,0.02,30,33,30,
2026-01-24,حائل,27.5265,41.6942,0.53,31,33,15,
2026-01-25,حائل,27.5265,41.6942,1.61,35,34,1,
2026-01-26,حائل,27.5265,41.6942,0.0,32,34,4,
2026-01-27,حائل,27.5265,41.6942,0.0,31,33,29,
2026-01-28,حائل,27.5265,41.6942,0.0,31,33,0,
2026-01-29,حائل,27.5265,41.6942,0.0,30,33,0,
2026-01-30,حائل,27.5265,41.6942,0.0,30,33,0,
2026-01-31,حائل,27.5265,41.6942,0.0,30,33,1,
2026-02-01,حائل,27.5265,41.6942,0.0,29,33,0,
2026-02-02,حائل,27.5265,41.6942,0.04,29,33,9,
2026-02-03,حائل,27.5265,41.6942,0.0,29,33,3,
2026-02-04,حائل,27.5265,41.6942,0.0,29,33,0,
2026-02-05,حائل,27.5265,41.6942,0.0,30,33,24,
2026-02-06,حائل,27.5265,41.6942,0.0,30,32,31,
2026-02-07,حائل,27.5265,41.6942,0.0,29,32,1,
2026-02-08,حائل,27.5265,41.6942,0.0,29,32,1,
2026-02-09,حائل,27.5265,41.6942,0.0,29,32,8,
2026-02-10,حائل,27.5265,41.6942,0.0,28,32,12,
2026-02-11,حائل,27.5265,41.6942,0.0,28,32,17,
2026-02-12,حائل,27.5265,41.6942,0.0,28,32,9,
2026-02-13,حائل,27.5265,41.6942,0.0,28,32,1,
2026-02-14,حائل,27.5265,41.6942,0.0,28,31,0,
2026-02-15,حائل,27.5265,41.6942,0.0,28,31,1,
2026-02-16,حائل,27.5265,41.6942,0.0,28,31,0,
2026-02-17,حائل,27.5265,41.6942,0.0,28,31,0,
2026-02-18,حائل,27.5265,41.6942,0.0,27,31,0,
2026-02-19,حائل,27.5265,41.6942,0.0,27,31,0,
2026-02-20,حائل,27.5265,41.6942,0.0,27,31,0,
2026-02-21,حائل,27.5265,41.6942,0.0,27,31,0,
2026-02-22,حائل,27.5265,41.6942,0.0,26,31,0,
2026-02-23,حائل,27.5265,41.6942,0.0,25,30,0,
2026-02-24,حائل,27.5265,41.6942,0.0,25,30,0,
2026-02-25,حائل,27.5265,41.6942,0.0,25,30,0,
2026-02-26,حائل,27.5265,41.6942,0.0,25,30,0,
2026-02-27,حائل,27.5265,41.6942,0.0,24,30,0,
2026-02-28,حائل,27.5265,41.6942,0.0,24,30,0,
2026-03-01,حائل,27.5265,41.6942,0.0,24,30,0,
2026-03-02,حائل,27.5265,41.6942,0.0,23,30,1,
2026-03-03,حائل,27.5265,41.6942,0.0,23,30,25,
2026-03-04,حائل,27.5265,41.6942,0.0,22,30,0,
2026-03-05,حائل,27.5265,41.6942,0.0,22,30,6,
2026-03-06,حائل,27.5265,41.6942,0.0,21,30,1,
2026-03-07,حائل,27.5265,41.6942,0.0,21,30,2,
2026-03-08,حائل,27.5265,41.6942,0.0,20,30,0,
2026-03-09,حائل,27.5265,41.6942,0.0,20,30,1,
2026-03-10,حائل,27.5265,41.6942,0.0,20,29,0,
2026-03-11,حائل,27.5265,41.6942,0.03,19,29,20,
2026-03-12,حائل,27.5265,41.6942,0.1,20,29,1,
2026-03-13,حائل,27.5265,41.6942,0.0,19,29,2,
2026-03-14,حائل,27.5265,41.6942,0.49,19,29,20,
2026-03-15,حائل,27.5265,41.6942,0.43,21,29,27,
2026-03-16,حائل,27.5265,41.6942,0.05,21,29,30,
2026-03-17,حائل,27.5265,41.6942,0.0,21,29,0,
2026-03-18,حائل,27.5265,41.6942,0.0,20,29,13,
2026-03-19,حائل,27.5265,41.6942,8.0,34,30,52,
2026-03-20,حائل,27.5265,41.6942,0.66,33,31,11,
2026-03-21,حائل,27.5265,41.6942,0.0,29,31,6,
2026-03-22,حائل,27.5265,41.6942,0.0,28,30,7,
2026-03-23,حائل,27.5265,41.6942,0.09,27,30,27,
2026-03-24,حائل,27.5265,41.6942,0.73,28,30,17,
2026-03-25,حائل,27.5265,41.6942,10.15,39,31,44,
2026-03-26,حائل,27.5265,41.6942,9.38,43,33,17,
2026-03-27,حائل,27.5265,41.6942,0.0,33,33,1,
2026-03-28,حائل,27.5265,41.6942,0.0,31,33,0,
2026-03-29,حائل,27.5265,41.6942,0.0,30,33,6,
2026-03-30,حائل,27.5265,41.6942,0.0,30,33,31,
2026-03-31,حائل,27.5265,41.6942,0.0,29,33,0,
2026-04-01,حائل,27.5265,41.6942,0.0,29,32,6,
2026-04-02,حائل,27.5265,41.6942,0.04,29,32,33,
2026-04-03,حائل,27.5265,41.6942,0.04,29,32,58,
2026-04-04,حائل,27.5265,41.6942,0.05,29,32,29,
2026-04-05,حائل,27.5265,41.6942,0.0,28,32,8,
2026-04-06,حائل,27.5265,41.6942,0.0,28,32,3,
2026-04-07,حائل,27.5265,41.6942,0.0,28,32,11,
2026-04-08,حائل,27.5265,41.6942,0.0,28,31,1,
2026-04-09,حائل,27.5265,41.6942,0.0,28,31,0,
2026-04-10,حائل,27.5265,41.6942,0.0,27,31,4,
2026-04-11,حائل,27.5265,41.6942,0.0,27,31,0,
2026-04-12,حائل,27.5265,41.6942,0.0,26,31,0,
2026-04-13,حائل,27.5265,41.6942,0.0,25,31,0,
2026-04-14,حائل,27.5265,41.6942,0.0,25,30,3,
2026-04-15,حائل,27.5265,41.6942,0.06,25,30,16,
2026-04-16,حائل,27.5265,41.6942,23.38,48,34,68,
2026-04-17,حائل,27.5265,41.6942,13.1,48,36,1,
2026-04-18,حائل,27.5265,41.6942,0.11,36,37,15,
2026-04-19,حائل,27.5265,41.6942,0.83,34,36,38,
2026-04-20,حائل,27.5265,41.6942,28.33,53,40,28,
2026-04-21,حائل,27.5265,41.6942,1.25,42,41,1,
2026-04-22,حائل,27.5265,41.6942,0.01,37,40,2,
2026-04-23,حائل,27.5265,41.6942,0.74,37,40,15,
2026-04-24,حائل,27.5265,41.6942,0.19,37,40,42,
2026-04-25,حائل,27.5265,41.6942,1.08,37,40,23,
2026-04-26,حائل,27.5265,41.6942,0.5,37,40,1,
2026-04-27,حائل,27.5265,41.6942,0.0,35,39,0,
2026-04-28,حائل,27.5265,41.6942,0.0,33,39,7,
2026-04-29,حائل,27.5265,41.6942,0.0,34,39,6,
2026-04-30,حائل,27.5265,41.6942,0.0,33,38,9,
2026-05-01,حائل,27.5265,41.6942,0.0,33,38,1,
2026-05-02,حائل,27.5265,41.6942,0.0,32,38,0,
2026-05-03,حائل,27.5265,41.6942,0.0,31,37,4,
2026-05-04,حائل,27.5265,41.6942,0.0,31,37,18,
2026-05-05,حائل,27.5265,41.6942,0.0,31,37,0,
2026-05-06,حائل,27.5265,41.6942,0.0,31,36,1,
2026-05-07,حائل,27.5265,41.6942,0.02,30,36,3,
2026-05-08,حائل,27.5265,41.6942,0.15,30,36,2,
2026-05-09,حائل,27.5265,41.6942,0.03,30,36,5,
2026-05-10,حائل,27.5265,41.6942,0.0,29,35,0,
2026-05-11,حائل,27.5265,41.6942,0.0,29,35,1,
2026-05-12,حائل,27.5265,41.6942,0.0,28,35,0,
2026-05-13,حائل,27.5265,41.6942,0.0,28,34,0,
2026-05-14,حائل,27.5265,41.6942,0.0,28,34,0,
2026-05-15,حائل,27.5265,41.6942,0.0,28,34,12,
2026-05-16,حائل,27.5265,41.6942,0.0,27,33,3,
2026-05-17,حائل,27.5265,41.6942,0.0,27,33,0,
2026-05-18,حائل,27.5265,41.6942,0.0,27,33,0,
2026-05-19,حائل,27.5265,41.6942,0.0,27,33,0,
2026-05-20,حائل,27.5265,41.6942,0.0,26,32,1,
2026-05-21,حائل,27.5265,41.6942,0.0,26,32,1,
2026-05-22,حائل,27.5265,41.6942,0.0,26,32,0,
2026-05-23,حائل,27.5265,41.6942,0.0,26,32,6,
2026-05-24,حائل,27.5265,41.6942,0.0,25,32,5,
2026-05-25,حائل,27.5265,41.6942,0.0,25,31,3,
2026-05-26,حائل,27.5265,41.6942,0.0,23,31,4,
2026-05-27,حائل,27.5265,41.6942,0.0,22,31,1,
2026-05-28,حائل,27.5265,41.6942,0.0,21,31,0,
2026-05-29,حائل,27.5265,41.6942,0.0,20,30,0,
2026-05-30,حائل,27.5265,41.6942,0.0,19,30,0,
2026-05-31,حائل,27.5265,41.6942,0.0,18,30,0,
2026-06-01,حائل,27.5265,41.6942,0.0,17,30,0,
2026-06-02,حائل,27.5265,41.6942,0.0,16,30,0,
2026-06-03,حائل,27.5265,41.6942,0.0,16,30,0,
2026-06-04,حائل,27.5265,41.6942,0.0,15,30,0,
2026-06-05,حائل,27.5265,41.6942,0.0,15,30,0,
2026-06-06,حائل,27.5265,41.6942,0.0,14,30,3,
2026-06-07,حائل,27.5265,41.6942,0.0,14,30,1,
2026-06-08,حائل,27.5265,41.6942,0.0,13,29,0,
2026-06-09,حائل,27.5265,41.6942,0.0,13,29,0,
2026-06-10,حائل,27.5265,41.6942,0.0,13,29,0,
2026-06-11,حائل,27.5265,41.6942,0.0,13,29,0,
2026-06-12,حائل,27.5265,41.6942,0.0,12,29,0,
2026-06-13,حائل,27.5265,41.6942,0.0,12,29,0,
2026-06-14,حائل,27.5265,41.6942,0.0,12,29,0,
2026-06-15,حائل,27.5265,41.6942,0.0,12,29,0,
2026-06-16,حائل,27.5265,41.6942,0.0,11,29,0,
2026-06-17,حائل,27.5265,41.6942,0.0,11,29,0,
2026-06-18,حائل,27.5265,41.6942,0.0,11,29,0,
2026-06-19,حائل,27.5265,41.6942,0.0,11,29,0,
2026-06-20,حائل,27.5265,41.6942,0.0,11,29,0,
2026-06-21,حائل,27.5265,41.6942,0.0,11,29,0,
2026-06-22,حائل,27.5265,41.6942,0.0,10,29,0,
2026-06-23,حائل,27.5265,41.6942,0.0,10,29,0,
2026-06-24,حائل,27.5265,41.6942,0.0,10,29,0,
2026-06-25,حائل,27.5265,41.6942,0.0,10,28,0,
2026-06-26,حائل,27.5265,41.6942,0.0,10,28,0,
2026-06-27,حائل,27.5265,41.6942,0.0,10,28,0,
2026-06-28,حائل,27.5265,41.6942,0.0,10,28,0,
2026-06-29,حائل,27.5265,41.6942,0.0,10,28,0,
2026-06-30,حائل,27.5265,41.6942,0.0,10,28,0,
2026-07-01,حائل,27.5265,41.6942,0.0,10,28,0,
2026-07-02,حائل,27.5265,41.6942,0.0,9,28,0,
2026-07-03,حائل,27.5265,41.6942,0.0,9,28,0,
2026-07-04,حائل,27.5265,41.6942,0.0,9,28,0,
2026-07-05,حائل,27.5265,41.6942,0.0,9,28,0,
2026-07-06,حائل,27.5265,41.6942,0.0,9,28,0,
2026-07-07,حائل,27.5265,41.6942,0.0,9,28,0,
2026-07-08,حائل,27.5265,41.6942,0.0,9,28,0,
2026-07-09,حائل,27.5265,41.6942,0.0,9,28,0,
2026-07-10,حائل,27.5265,41.6942,0.0,9,28,0,
2026-07-11,حائل,27.5265,41.6942,0.0,9,28,1,
2026-07-12,حائل,27.5265,41.6942,0.0,9,28,0,
2026-07-13,حائل,27.5265,41.6942,0.0,9,28,0,
2026-07-14,حائل,27.5265,41.6942,0.0,9,28,0,
2026-07-15,حائل,27.5265,41.6942,0.0,9,28,0,
2026-07-16,حائل,27.5265,41.6942,0.0,8,28,1,
2026-07-17,حائل,27.5265,41.6942,0.0,8,28,7,clearsky_interpolated
2026-07-18,حائل,27.5265,41.6942,0.0,8,28,2,clearsky_interpolated
2026-07-19,حائل,27.5265,41.6942,0.0,8,28,1,
2026-07-20,حائل,27.5265,41.6942,0.0,8,27,1,
2026-07-21,حائل,27.5265,41.6942,0.0,8,27,0,
2026-07-22,حائل,27.5265,41.6942,0.0,8,27,1,clearsky_interpolated
2026-07-23,حائل,27.5265,41.6942,0.0,8,27,0,
2026-07-24,حائل,27.5265,41.6942,0.0,8,27,0,
2026-07-25,حائل,27.5265,41.6942,0.0,8,27,0,
2026-07-26,حائل,27.5265,41.6942,0.0,7,27,0,
2026-07-27,حائل,27.5265,41.6942,0.0,7,27,0,
2026-07-28,حائل,27.5265,41.6942,0.0,7,27,1,
2026-07-29,حائل,27.5265,41.6942,0.0,7,27,0,
2026-07-30,حائل,27.5265,41.6942,0.0,7,27,0,
2026-07-31,حائل,27.5265,41.6942,0.0,7,27,1,
2026-08-01,حائل,27.5265,41.6942,0.0,7,27,1,
2026-08-02,حائل,27.5265,41.6942,0.0,7,27,7,
2026-08-03,حائل,27.5265,41.6942,37.92,44,35,1,
2026-08-04,حائل,27.5265,41.6942,0.0,29,34,1,
2026-08-05,حائل,27.5265,41.6942,0.0,27,33,1,
2026-08-06,حائل,27.5265,41.6942,0.0,26,33,0,
2026-08-07,حائل,27.5265,41.6942,0.0,25,33,4,
2026-08-08,حائل,27.5265,41.6942,0.0,25,32,0,
2026-08-09,حائل,27.5265,41.6942,0.0,24,32,0,
2026-08-10,حائل,27.5265,41.6942,0.0,24,32,0,
2026-08-11,حائل,27.5265,41.6942,37.02,47,38,0,
2026-08-12,حائل,27.5265,41.6942,0.0,32,38,1,
2026-08-13,حائل,27.5265,41.6942,0.0,30,37,0,
2026-08-14,حائل,27.5265,41.6942,0.0,30,37,1,
2026-08-15,حائل,27.5265,41.6942,0.0,29,36,0,
2026-08-16,حائل,27.5265,41.6942,0.0,29,36,0,
2026-08-17,حائل,27.5265,41.6942,0.0,28,35,0,
2026-08-18,حائل,27.5265,41.6942,0.0,28,35,0,
2026-08-19,حائل,27.5265,41.6942,0.0,27,35,0,
2026-08-20,حائل,27.5265,41.6942,0.0,27,34,0,
2026-08-21,حائل,27.5265,41.6942,0.0,27,34,0,
2026-08-22,حائل,27.5265,41.6942,0.0,27,34,0,
2026-08-23,حائل,27.5265,41.6942,0.0,26,33,2,
2026-08-24,حائل,27.5265,41.6942,0.0,26,33,2,
2026-08-25,حائل,27.5265,41.6942,0.0,26,33,4,clearsky_interpolated
2026-08-26,حائل,27.5265,41.6942,0.0,26,33,4,clearsky_interpolated
2026-08-27,حائل,27.5265,41.6942,0.0,25,32,6,clearsky_interpolated
2026-08-28,حائل,27.5265,41.6942,0.0,25,32,12,clearsky_interpolated
2026-08-29,حائل,27.5265,41.6942,0.0,25,32,35,clearsky_interpolated
2026-08-30,حائل,27.5265,41.6942,0.0,24,31,1,
2026-08-31,حائل,27.5265,41.6942,0.0,25,31,0,
2026-09-01,حائل,27.5265,41.6942,0.0,1,9,1,soil_suspect
2026-09-02,حائل,27.5265,41.6942,0.0,1,9,0,soil_suspect
2026-09-03,حائل,27.5265,41.6942,0.0,1,9,0,soil_suspect
2026-09-04,حائل,27.5265,41.6942,0.0,1,9,0,soil_suspect
2026-09-05,حائل,27.5265,41.6942,0.0,1,9,0,soil_suspect
2026-09-06,حائل,27.5265,41.6942,0.0,1,9,0,soil_suspect
2026-09-07,حائل,27.5265,41.6942,0.0,1,9,0,soil_suspect
2026-09-08,حائل,27.5265,41.6942,0.0,1,9,2,soil_suspect
2026-09-09,حائل,27.5265,41.6942,0.0,1,9,0,soil_suspect
2026-09-10,حائل,27.5265,41.6942,0.0,1,9,0,soil_suspect
2026-09-11,حائل,27.5265,41.6942,0.0,1,9,0,soil_suspect
2026-09-12,حائل,27.5265,41.6942,0.0,1,9,1,soil_suspect
2026-09-13,حائل,27.5265,41.6942,0.0,1,9,1,soil_suspect
2026-09-14,حائل,27.5265,41.6942,0.0,1,9,1,soil_suspect
2026-09-15,حائل,27.5265,41.6942,0.0,1,9,0,soil_suspect
2026-09-16,حائل,27.5265,41.6942,0.0,1,9,0,soil_suspect
2026-09-17,حائل,27.5265,41.6942,0.0,1,9,0,soil_suspect
2026-09-18,حائل,27.5265,41.6942,0.0,1,9,2,soil_suspect;clearsky_interpolated
2026-09-19,حائل,27.5265,41.6942,0.0,1,9,2,soil_suspect;clearsky_interpolated
2026-09-20,حائل,27.5265,41.6942,0.0,1,9,1,soil_suspect
2026-09-21,حائل,27.5265,41.6942,0.0,1,9,1,soil_suspect
2026-09-22,حائل,27.5265,41.6942,0.0,1,9,4,soil_suspect;clearsky_interpolated
2026-09-23,حائل,27.5265,41.6942,0.0,1,9,0,soil_suspect
2026-09-24,حائل,27.5265,41.6942,0.0,1,9,2,soil_suspect;clearsky_interpolated
2026-09-25,حائل,27.5265,41.6942,0.0,1,9,4,soil_suspect;clearsky_interpolated
2026-09-26,حائل,27.5265,41.6942,0.0,1,9,1,soil_suspect
2026-09-27,حائل,27.5265,41.6942,0.0,1,9,1,soil_suspect
2026-09-28,حائل,27.5265,41.6942,0.0,1,9,0,soil_suspect
2026-09-29,حائل,27.5265,41.6942,0.0,1,9,0,soil_suspect
2026-09-30,حائل,27.5265,41.6942,0.0,1,9,,soil_suspect;cloud_missing
2026-10-01,حائل,27.5265,41.6942,0.0,1,9,,soil_suspect;cloud_missing
2026-10-02,حائل,27.5265,41.6942,0.0,1,9,,soil_suspect;cloud_missing
2026-10-03,حائل,27.5265,41.6942,0.05,1,9,,soil_suspect;cloud_missing
